ID,NAME,URL,TYPE,SPLITED,SIZE,UPDATED
1NQ0u3sFbedGbPKVvSRP32wGmWDBGMeQKAzO8TOHY_D0,ufo,https://docs.google.com/spreadsheets/1NQ0u3sFbedGbPKVvSRP32wGmWDBGMeQKAzO8TOHY_D0,gsheet,False,0,2020-08-07 14:44:48.853961
1rni0kCGVy67d-qUKEu_FPF1Hrm6R_YivmE2QSTtS4Ro,drinks,https://docs.google.com/spreadsheets/1rni0kCGVy67d-qUKEu_FPF1Hrm6R_YivmE2QSTtS4Ro,gsheet,False,0,2020-08-07 14:44:48.853961
1li4YJ64rs4eoTwE9kt1vQAA8SksOKlvb3YOolVEi3zs,titanic,https://docs.google.com/spreadsheets/1li4YJ64rs4eoTwE9kt1vQAA8SksOKlvb3YOolVEi3zs,gsheet,False,0,2020-08-07 14:44:48.853961
1d9IaRGxx6oDRYt0520egaQDQeOykBVdy4zAsHL6iY6s,vgsales,https://docs.google.com/spreadsheets/1d9IaRGxx6oDRYt0520egaQDQeOykBVdy4zAsHL6iY6s,gsheet,False,0,2020-08-07 14:44:48.853961
1DhGlNPRu4fOtHbSrOJE9n-TLWCJcspw2cm9UpNhj4Ps,developer_survey_2020,https://docs.google.com/spreadsheets/1DhGlNPRu4fOtHbSrOJE9n-TLWCJcspw2cm9UpNhj4Ps,gsheet,False,0,2020-08-07 14:44:48.853961
bovespa-Yahoo.csv,bovespa-yahoo,https://raw.githubusercontent.com/incolumepy/datasets/master/datas/bovespa-Yahoo.csv,csv,False,501025,2020-08-07 14:44:48.853961
bovespa-Fundamentus.csv,bovespa-fundamentus,https://raw.githubusercontent.com/incolumepy/datasets/master/datas/bovespa-Fundamentus.csv,csv,False,119291,2020-08-07 14:44:48.853961
MICRODADOS_ENEM_2018.aaa.csv,microdados_enem_2018,https://raw.githubusercontent.com/incolumepy/datasets/master/datas/MICRODADOS_ENEM_2018.aaa.csv,csv,True,25000000,2020-08-07 14:44:48.853961
MICRODADOS_ENEM_2018.aab.csv,microdados_enem_2018,https://raw.githubusercontent.com/incolumepy/datasets/master/datas/MICRODADOS_ENEM_2018.aab.csv,csv,True,25000000,2020-08-07 14:44:48.853961
MICRODADOS_ENEM_2018.aac.csv,microdados_enem_2018,https://raw.githubusercontent.com/incolumepy/datasets/master/datas/MICRODADOS_ENEM_2018.aac.csv,csv,True,25000000,2020-08-07 14:44:48.853961
MICRODADOS_ENEM_2018.aad.csv,microdados_enem_2018,https://raw.githubusercontent.com/incolumepy/datasets/master/datas/MICRODADOS_ENEM_2018.aad.csv,csv,True,25000000,2020-08-07 14:44:48.853961
MICRODADOS_ENEM_2018.aae.csv,microdados_enem_2018,https://raw.githubusercontent.com/incolumepy/datasets/master/datas/MICRODADOS_ENEM_2018.aae.csv,csv,True,25000000,2020-08-07 14:44:48.853961
MICRODADOS_ENEM_2018.aaf.csv,microdados_enem_2018,https://raw.githubusercontent.com/incolumepy/datasets/master/datas/MICRODADOS_ENEM_2018.aaf.csv,csv,True,25000000,2020-08-07 14:44:48.853961
MICRODADOS_ENEM_2018.aag.csv,microdados_enem_2018,https://raw.githubusercontent.com/incolumepy/datasets/master/datas/MICRODADOS_ENEM_2018.aag.csv,csv,True,25000000,2020-08-07 14:44:48.853961
MICRODADOS_ENEM_2018.aah.csv,microdados_enem_2018,https://raw.githubusercontent.com/incolumepy/datasets/master/datas/MICRODADOS_ENEM_2018.aah.csv,csv,True,25000000,2020-08-07 14:44:48.853961
MICRODADOS_ENEM_2018.aai.csv,microdados_enem_2018,https://raw.githubusercontent.com/incolumepy/datasets/master/datas/MICRODADOS_ENEM_2018.aai.csv,csv,True,25000000,2020-08-07 14:44:48.853961
MICRODADOS_ENEM_2018.aaj.csv,microdados_enem_2018,https://raw.githubusercontent.com/incolumepy/datasets/master/datas/MICRODADOS_ENEM_2018.aaj.csv,csv,True,25000000,2020-08-07 14:44:48.853961
MICRODADOS_ENEM_2018.aak.csv,microdados_enem_2018,https://raw.githubusercontent.com/incolumepy/datasets/master/datas/MICRODADOS_ENEM_2018.aak.csv,csv,True,25000000,2020-08-07 14:44:48.853961
MICRODADOS_ENEM_2018.aal.csv,microdados_enem_2018,https://raw.githubusercontent.com/incolumepy/datasets/master/datas/MICRODADOS_ENEM_2018.aal.csv,csv,True,25000000,2020-08-07 14:44:48.853961
MICRODADOS_ENEM_2018.aam.csv,microdados_enem_2018,https://raw.githubusercontent.com/incolumepy/datasets/master/datas/MICRODADOS_ENEM_2018.aam.csv,csv,True,25000000,2020-08-07 14:44:48.853961
MICRODADOS_ENEM_2018.aan.csv,microdados_enem_2018,https://raw.githubusercontent.com/incolumepy/datasets/master/datas/MICRODADOS_ENEM_2018.aan.csv,csv,True,25000000,2020-08-07 14:44:48.853961
MICRODADOS_ENEM_2018.aao.csv,microdados_enem_2018,https://raw.githubusercontent.com/incolumepy/datasets/master/datas/MICRODADOS_ENEM_2018.aao.csv,csv,True,25000000,2020-08-07 14:44:48.853961
MICRODADOS_ENEM_2018.aap.csv,microdados_enem_2018,https://raw.githubusercontent.com/incolumepy/datasets/master/datas/MICRODADOS_ENEM_2018.aap.csv,csv,True,25000000,2020-08-07 14:44:48.853961
MICRODADOS_ENEM_2018.aaq.csv,microdados_enem_2018,https://raw.githubusercontent.com/incolumepy/datasets/master/datas/MICRODADOS_ENEM_2018.aaq.csv,csv,True,25000000,2020-08-07 14:44:48.853961
MICRODADOS_ENEM_2018.aar.csv,microdados_enem_2018,https://raw.githubusercontent.com/incolumepy/datasets/master/datas/MICRODADOS_ENEM_2018.aar.csv,csv,True,25000000,2020-08-07 14:44:48.853961
MICRODADOS_ENEM_2018.aas.csv,microdados_enem_2018,https://raw.githubusercontent.com/incolumepy/datasets/master/datas/MICRODADOS_ENEM_2018.aas.csv,csv,True,25000000,2020-08-07 14:44:48.853961
MICRODADOS_ENEM_2018.aat.csv,microdados_enem_2018,https://raw.githubusercontent.com/incolumepy/datasets/master/datas/MICRODADOS_ENEM_2018.aat.csv,csv,True,25000000,2020-08-07 14:44:48.853961
MICRODADOS_ENEM_2018.aau.csv,microdados_enem_2018,https://raw.githubusercontent.com/incolumepy/datasets/master/datas/MICRODADOS_ENEM_2018.aau.csv,csv,True,25000000,2020-08-07 14:44:48.853961
MICRODADOS_ENEM_2018.aav.csv,microdados_enem_2018,https://raw.githubusercontent.com/incolumepy/datasets/master/datas/MICRODADOS_ENEM_2018.aav.csv,csv,True,25000000,2020-08-07 14:44:48.853961
MICRODADOS_ENEM_2018.aaw.csv,microdados_enem_2018,https://raw.githubusercontent.com/incolumepy/datasets/master/datas/MICRODADOS_ENEM_2018.aaw.csv,csv,True,25000000,2020-08-07 14:44:48.853961
MICRODADOS_ENEM_2018.aax.csv,microdados_enem_2018,https://raw.githubusercontent.com/incolumepy/datasets/master/datas/MICRODADOS_ENEM_2018.aax.csv,csv,True,25000000,2020-08-07 14:44:48.853961
MICRODADOS_ENEM_2018.aay.csv,microdados_enem_2018,https://raw.githubusercontent.com/incolumepy/datasets/master/datas/MICRODADOS_ENEM_2018.aay.csv,csv,True,25000000,2020-08-07 14:44:48.853961
MICRODADOS_ENEM_2018.aaz.csv,microdados_enem_2018,https://raw.githubusercontent.com/incolumepy/datasets/master/datas/MICRODADOS_ENEM_2018.aaz.csv,csv,True,25000000,2020-08-07 14:44:48.853961
MICRODADOS_ENEM_2018.aba.csv,microdados_enem_2018,https://raw.githubusercontent.com/incolumepy/datasets/master/datas/MICRODADOS_ENEM_2018.aba.csv,csv,True,25000000,2020-08-07 14:44:48.853961
MICRODADOS_ENEM_2018.abb.csv,microdados_enem_2018,https://raw.githubusercontent.com/incolumepy/datasets/master/datas/MICRODADOS_ENEM_2018.abb.csv,csv,True,25000000,2020-08-07 14:44:48.853961
MICRODADOS_ENEM_2018.abc.csv,microdados_enem_2018,https://raw.githubusercontent.com/incolumepy/datasets/master/datas/MICRODADOS_ENEM_2018.abc.csv,csv,True,25000000,2020-08-07 14:44:48.853961
MICRODADOS_ENEM_2018.abd.csv,microdados_enem_2018,https://raw.githubusercontent.com/incolumepy/datasets/master/datas/MICRODADOS_ENEM_2018.abd.csv,csv,True,25000000,2020-08-07 14:44:48.853961
MICRODADOS_ENEM_2018.abe.csv,microdados_enem_2018,https://raw.githubusercontent.com/incolumepy/datasets/master/datas/MICRODADOS_ENEM_2018.abe.csv,csv,True,25000000,2020-08-07 14:44:48.853961
MICRODADOS_ENEM_2018.abf.csv,microdados_enem_2018,https://raw.githubusercontent.com/incolumepy/datasets/master/datas/MICRODADOS_ENEM_2018.abf.csv,csv,True,25000000,2020-08-07 14:44:48.853961
MICRODADOS_ENEM_2018.abg.csv,microdados_enem_2018,https://raw.githubusercontent.com/incolumepy/datasets/master/datas/MICRODADOS_ENEM_2018.abg.csv,csv,True,25000000,2020-08-07 14:44:48.853961
MICRODADOS_ENEM_2018.abh.csv,microdados_enem_2018,https://raw.githubusercontent.com/incolumepy/datasets/master/datas/MICRODADOS_ENEM_2018.abh.csv,csv,True,25000000,2020-08-07 14:44:48.853961
MICRODADOS_ENEM_2018.abi.csv,microdados_enem_2018,https://raw.githubusercontent.com/incolumepy/datasets/master/datas/MICRODADOS_ENEM_2018.abi.csv,csv,True,25000000,2020-08-07 14:44:48.853961
MICRODADOS_ENEM_2018.abj.csv,microdados_enem_2018,https://raw.githubusercontent.com/incolumepy/datasets/master/datas/MICRODADOS_ENEM_2018.abj.csv,csv,True,25000000,2020-08-07 14:44:48.853961
MICRODADOS_ENEM_2018.abk.csv,microdados_enem_2018,https://raw.githubusercontent.com/incolumepy/datasets/master/datas/MICRODADOS_ENEM_2018.abk.csv,csv,True,25000000,2020-08-07 14:44:48.853961
MICRODADOS_ENEM_2018.abl.csv,microdados_enem_2018,https://raw.githubusercontent.com/incolumepy/datasets/master/datas/MICRODADOS_ENEM_2018.abl.csv,csv,True,25000000,2020-08-07 14:44:48.853961
MICRODADOS_ENEM_2018.abm.csv,microdados_enem_2018,https://raw.githubusercontent.com/incolumepy/datasets/master/datas/MICRODADOS_ENEM_2018.abm.csv,csv,True,25000000,2020-08-07 14:44:48.853961
MICRODADOS_ENEM_2018.abn.csv,microdados_enem_2018,https://raw.githubusercontent.com/incolumepy/datasets/master/datas/MICRODADOS_ENEM_2018.abn.csv,csv,True,25000000,2020-08-07 14:44:48.853961
MICRODADOS_ENEM_2018.abo.csv,microdados_enem_2018,https://raw.githubusercontent.com/incolumepy/datasets/master/datas/MICRODADOS_ENEM_2018.abo.csv,csv,True,25000000,2020-08-07 14:44:48.853961
MICRODADOS_ENEM_2018.abp.csv,microdados_enem_2018,https://raw.githubusercontent.com/incolumepy/datasets/master/datas/MICRODADOS_ENEM_2018.abp.csv,csv,True,25000000,2020-08-07 14:44:48.853961
MICRODADOS_ENEM_2018.abq.csv,microdados_enem_2018,https://raw.githubusercontent.com/incolumepy/datasets/master/datas/MICRODADOS_ENEM_2018.abq.csv,csv,True,25000000,2020-08-07 14:44:48.853961
MICRODADOS_ENEM_2018.abr.csv,microdados_enem_2018,https://raw.githubusercontent.com/incolumepy/datasets/master/datas/MICRODADOS_ENEM_2018.abr.csv,csv,True,25000000,2020-08-07 14:44:48.853961
MICRODADOS_ENEM_2018.abs.csv,microdados_enem_2018,https://raw.githubusercontent.com/incolumepy/datasets/master/datas/MICRODADOS_ENEM_2018.abs.csv,csv,True,25000000,2020-08-07 14:44:48.853961
MICRODADOS_ENEM_2018.abt.csv,microdados_enem_2018,https://raw.githubusercontent.com/incolumepy/datasets/master/datas/MICRODADOS_ENEM_2018.abt.csv,csv,True,25000000,2020-08-07 14:44:48.853961
MICRODADOS_ENEM_2018.abu.csv,microdados_enem_2018,https://raw.githubusercontent.com/incolumepy/datasets/master/datas/MICRODADOS_ENEM_2018.abu.csv,csv,True,25000000,2020-08-07 14:44:48.853961
MICRODADOS_ENEM_2018.abv.csv,microdados_enem_2018,https://raw.githubusercontent.com/incolumepy/datasets/master/datas/MICRODADOS_ENEM_2018.abv.csv,csv,True,25000000,2020-08-07 14:44:48.853961
MICRODADOS_ENEM_2018.abw.csv,microdados_enem_2018,https://raw.githubusercontent.com/incolumepy/datasets/master/datas/MICRODADOS_ENEM_2018.abw.csv,csv,True,25000000,2020-08-07 14:44:48.853961
MICRODADOS_ENEM_2018.abx.csv,microdados_enem_2018,https://raw.githubusercontent.com/incolumepy/datasets/master/datas/MICRODADOS_ENEM_2018.abx.csv,csv,True,25000000,2020-08-07 14:44:48.853961
MICRODADOS_ENEM_2018.aby.csv,microdados_enem_2018,https://raw.githubusercontent.com/incolumepy/datasets/master/datas/MICRODADOS_ENEM_2018.aby.csv,csv,True,25000000,2020-08-07 14:44:48.853961
MICRODADOS_ENEM_2018.abz.csv,microdados_enem_2018,https://raw.githubusercontent.com/incolumepy/datasets/master/datas/MICRODADOS_ENEM_2018.abz.csv,csv,True,25000000,2020-08-07 14:44:48.853961
MICRODADOS_ENEM_2018.aca.csv,microdados_enem_2018,https://raw.githubusercontent.com/incolumepy/datasets/master/datas/MICRODADOS_ENEM_2018.aca.csv,csv,True,25000000,2020-08-07 14:44:48.853961
MICRODADOS_ENEM_2018.acb.csv,microdados_enem_2018,https://raw.githubusercontent.com/incolumepy/datasets/master/datas/MICRODADOS_ENEM_2018.acb.csv,csv,True,25000000,2020-08-07 14:44:48.853961
MICRODADOS_ENEM_2018.acc.csv,microdados_enem_2018,https://raw.githubusercontent.com/incolumepy/datasets/master/datas/MICRODADOS_ENEM_2018.acc.csv,csv,True,25000000,2020-08-07 14:44:48.853961
MICRODADOS_ENEM_2018.acd.csv,microdados_enem_2018,https://raw.githubusercontent.com/incolumepy/datasets/master/datas/MICRODADOS_ENEM_2018.acd.csv,csv,True,25000000,2020-08-07 14:44:48.853961
MICRODADOS_ENEM_2018.ace.csv,microdados_enem_2018,https://raw.githubusercontent.com/incolumepy/datasets/master/datas/MICRODADOS_ENEM_2018.ace.csv,csv,True,25000000,2020-08-07 14:44:48.853961
MICRODADOS_ENEM_2018.acf.csv,microdados_enem_2018,https://raw.githubusercontent.com/incolumepy/datasets/master/datas/MICRODADOS_ENEM_2018.acf.csv,csv,True,25000000,2020-08-07 14:44:48.853961
MICRODADOS_ENEM_2018.acg.csv,microdados_enem_2018,https://raw.githubusercontent.com/incolumepy/datasets/master/datas/MICRODADOS_ENEM_2018.acg.csv,csv,True,25000000,2020-08-07 14:44:48.853961
MICRODADOS_ENEM_2018.ach.csv,microdados_enem_2018,https://raw.githubusercontent.com/incolumepy/datasets/master/datas/MICRODADOS_ENEM_2018.ach.csv,csv,True,25000000,2020-08-07 14:44:48.853961
MICRODADOS_ENEM_2018.aci.csv,microdados_enem_2018,https://raw.githubusercontent.com/incolumepy/datasets/master/datas/MICRODADOS_ENEM_2018.aci.csv,csv,True,25000000,2020-08-07 14:44:48.853961
MICRODADOS_ENEM_2018.acj.csv,microdados_enem_2018,https://raw.githubusercontent.com/incolumepy/datasets/master/datas/MICRODADOS_ENEM_2018.acj.csv,csv,True,25000000,2020-08-07 14:44:48.853961
MICRODADOS_ENEM_2018.ack.csv,microdados_enem_2018,https://raw.githubusercontent.com/incolumepy/datasets/master/datas/MICRODADOS_ENEM_2018.ack.csv,csv,True,25000000,2020-08-07 14:44:48.853961
MICRODADOS_ENEM_2018.acl.csv,microdados_enem_2018,https://raw.githubusercontent.com/incolumepy/datasets/master/datas/MICRODADOS_ENEM_2018.acl.csv,csv,True,25000000,2020-08-07 14:44:48.853961
MICRODADOS_ENEM_2018.acm.csv,microdados_enem_2018,https://raw.githubusercontent.com/incolumepy/datasets/master/datas/MICRODADOS_ENEM_2018.acm.csv,csv,True,25000000,2020-08-07 14:44:48.853961
MICRODADOS_ENEM_2018.acn.csv,microdados_enem_2018,https://raw.githubusercontent.com/incolumepy/datasets/master/datas/MICRODADOS_ENEM_2018.acn.csv,csv,True,25000000,2020-08-07 14:44:48.853961
MICRODADOS_ENEM_2018.aco.csv,microdados_enem_2018,https://raw.githubusercontent.com/incolumepy/datasets/master/datas/MICRODADOS_ENEM_2018.aco.csv,csv,True,25000000,2020-08-07 14:44:48.853961
MICRODADOS_ENEM_2018.acp.csv,microdados_enem_2018,https://raw.githubusercontent.com/incolumepy/datasets/master/datas/MICRODADOS_ENEM_2018.acp.csv,csv,True,25000000,2020-08-07 14:44:48.853961
MICRODADOS_ENEM_2018.acq.csv,microdados_enem_2018,https://raw.githubusercontent.com/incolumepy/datasets/master/datas/MICRODADOS_ENEM_2018.acq.csv,csv,True,25000000,2020-08-07 14:44:48.853961
MICRODADOS_ENEM_2018.acr.csv,microdados_enem_2018,https://raw.githubusercontent.com/incolumepy/datasets/master/datas/MICRODADOS_ENEM_2018.acr.csv,csv,True,25000000,2020-08-07 14:44:48.853961
MICRODADOS_ENEM_2018.acs.csv,microdados_enem_2018,https://raw.githubusercontent.com/incolumepy/datasets/master/datas/MICRODADOS_ENEM_2018.acs.csv,csv,True,25000000,2020-08-07 14:44:48.853961
MICRODADOS_ENEM_2018.act.csv,microdados_enem_2018,https://raw.githubusercontent.com/incolumepy/datasets/master/datas/MICRODADOS_ENEM_2018.act.csv,csv,True,25000000,2020-08-07 14:44:48.853961
MICRODADOS_ENEM_2018.acu.csv,microdados_enem_2018,https://raw.githubusercontent.com/incolumepy/datasets/master/datas/MICRODADOS_ENEM_2018.acu.csv,csv,True,25000000,2020-08-07 14:44:48.853961
MICRODADOS_ENEM_2018.acv.csv,microdados_enem_2018,https://raw.githubusercontent.com/incolumepy/datasets/master/datas/MICRODADOS_ENEM_2018.acv.csv,csv,True,25000000,2020-08-07 14:44:48.853961
MICRODADOS_ENEM_2018.acw.csv,microdados_enem_2018,https://raw.githubusercontent.com/incolumepy/datasets/master/datas/MICRODADOS_ENEM_2018.acw.csv,csv,True,25000000,2020-08-07 14:44:48.853961
MICRODADOS_ENEM_2018.acx.csv,microdados_enem_2018,https://raw.githubusercontent.com/incolumepy/datasets/master/datas/MICRODADOS_ENEM_2018.acx.csv,csv,True,25000000,2020-08-07 14:44:48.853961
MICRODADOS_ENEM_2018.acy.csv,microdados_enem_2018,https://raw.githubusercontent.com/incolumepy/datasets/master/datas/MICRODADOS_ENEM_2018.acy.csv,csv,True,25000000,2020-08-07 14:44:48.853961
MICRODADOS_ENEM_2018.acz.csv,microdados_enem_2018,https://raw.githubusercontent.com/incolumepy/datasets/master/datas/MICRODADOS_ENEM_2018.acz.csv,csv,True,25000000,2020-08-07 14:44:48.853961
MICRODADOS_ENEM_2018.ada.csv,microdados_enem_2018,https://raw.githubusercontent.com/incolumepy/datasets/master/datas/MICRODADOS_ENEM_2018.ada.csv,csv,True,25000000,2020-08-07 14:44:48.853961
MICRODADOS_ENEM_2018.adb.csv,microdados_enem_2018,https://raw.githubusercontent.com/incolumepy/datasets/master/datas/MICRODADOS_ENEM_2018.adb.csv,csv,True,25000000,2020-08-07 14:44:48.853961
MICRODADOS_ENEM_2018.adc.csv,microdados_enem_2018,https://raw.githubusercontent.com/incolumepy/datasets/master/datas/MICRODADOS_ENEM_2018.adc.csv,csv,True,25000000,2020-08-07 14:44:48.853961
MICRODADOS_ENEM_2018.add.csv,microdados_enem_2018,https://raw.githubusercontent.com/incolumepy/datasets/master/datas/MICRODADOS_ENEM_2018.add.csv,csv,True,25000000,2020-08-07 14:44:48.853961
MICRODADOS_ENEM_2018.ade.csv,microdados_enem_2018,https://raw.githubusercontent.com/incolumepy/datasets/master/datas/MICRODADOS_ENEM_2018.ade.csv,csv,True,25000000,2020-08-07 14:44:48.853961
MICRODADOS_ENEM_2018.adf.csv,microdados_enem_2018,https://raw.githubusercontent.com/incolumepy/datasets/master/datas/MICRODADOS_ENEM_2018.adf.csv,csv,True,25000000,2020-08-07 14:44:48.853961
MICRODADOS_ENEM_2018.adg.csv,microdados_enem_2018,https://raw.githubusercontent.com/incolumepy/datasets/master/datas/MICRODADOS_ENEM_2018.adg.csv,csv,True,25000000,2020-08-07 14:44:48.853961
MICRODADOS_ENEM_2018.adh.csv,microdados_enem_2018,https://raw.githubusercontent.com/incolumepy/datasets/master/datas/MICRODADOS_ENEM_2018.adh.csv,csv,True,25000000,2020-08-07 14:44:48.853961
MICRODADOS_ENEM_2018.adi.csv,microdados_enem_2018,https://raw.githubusercontent.com/incolumepy/datasets/master/datas/MICRODADOS_ENEM_2018.adi.csv,csv,True,25000000,2020-08-07 14:44:48.853961
MICRODADOS_ENEM_2018.adj.csv,microdados_enem_2018,https://raw.githubusercontent.com/incolumepy/datasets/master/datas/MICRODADOS_ENEM_2018.adj.csv,csv,True,25000000,2020-08-07 14:44:48.853961
MICRODADOS_ENEM_2018.adk.csv,microdados_enem_2018,https://raw.githubusercontent.com/incolumepy/datasets/master/datas/MICRODADOS_ENEM_2018.adk.csv,csv,True,25000000,2020-08-07 14:44:48.853961
MICRODADOS_ENEM_2018.adl.csv,microdados_enem_2018,https://raw.githubusercontent.com/incolumepy/datasets/master/datas/MICRODADOS_ENEM_2018.adl.csv,csv,True,25000000,2020-08-07 14:44:48.853961
MICRODADOS_ENEM_2018.adm.csv,microdados_enem_2018,https://raw.githubusercontent.com/incolumepy/datasets/master/datas/MICRODADOS_ENEM_2018.adm.csv,csv,True,25000000,2020-08-07 14:44:48.853961
MICRODADOS_ENEM_2018.adn.csv,microdados_enem_2018,https://raw.githubusercontent.com/incolumepy/datasets/master/datas/MICRODADOS_ENEM_2018.adn.csv,csv,True,25000000,2020-08-07 14:44:48.853961
MICRODADOS_ENEM_2018.ado.csv,microdados_enem_2018,https://raw.githubusercontent.com/incolumepy/datasets/master/datas/MICRODADOS_ENEM_2018.ado.csv,csv,True,25000000,2020-08-07 14:44:48.853961
MICRODADOS_ENEM_2018.adp.csv,microdados_enem_2018,https://raw.githubusercontent.com/incolumepy/datasets/master/datas/MICRODADOS_ENEM_2018.adp.csv,csv,True,25000000,2020-08-07 14:44:48.853961
MICRODADOS_ENEM_2018.adq.csv,microdados_enem_2018,https://raw.githubusercontent.com/incolumepy/datasets/master/datas/MICRODADOS_ENEM_2018.adq.csv,csv,True,25000000,2020-08-07 14:44:48.853961
MICRODADOS_ENEM_2018.adr.csv,microdados_enem_2018,https://raw.githubusercontent.com/incolumepy/datasets/master/datas/MICRODADOS_ENEM_2018.adr.csv,csv,True,25000000,2020-08-07 14:44:48.853961
MICRODADOS_ENEM_2018.ads.csv,microdados_enem_2018,https://raw.githubusercontent.com/incolumepy/datasets/master/datas/MICRODADOS_ENEM_2018.ads.csv,csv,True,25000000,2020-08-07 14:44:48.853961
MICRODADOS_ENEM_2018.adt.csv,microdados_enem_2018,https://raw.githubusercontent.com/incolumepy/datasets/master/datas/MICRODADOS_ENEM_2018.adt.csv,csv,True,25000000,2020-08-07 14:44:48.853961
MICRODADOS_ENEM_2018.adu.csv,microdados_enem_2018,https://raw.githubusercontent.com/incolumepy/datasets/master/datas/MICRODADOS_ENEM_2018.adu.csv,csv,True,25000000,2020-08-07 14:44:48.853961
MICRODADOS_ENEM_2018.adv.csv,microdados_enem_2018,https://raw.githubusercontent.com/incolumepy/datasets/master/datas/MICRODADOS_ENEM_2018.adv.csv,csv,True,25000000,2020-08-07 14:44:48.853961
MICRODADOS_ENEM_2018.adw.csv,microdados_enem_2018,https://raw.githubusercontent.com/incolumepy/datasets/master/datas/MICRODADOS_ENEM_2018.adw.csv,csv,True,25000000,2020-08-07 14:44:48.853961
MICRODADOS_ENEM_2018.adx.csv,microdados_enem_2018,https://raw.githubusercontent.com/incolumepy/datasets/master/datas/MICRODADOS_ENEM_2018.adx.csv,csv,True,25000000,2020-08-07 14:44:48.853961
MICRODADOS_ENEM_2018.ady.csv,microdados_enem_2018,https://raw.githubusercontent.com/incolumepy/datasets/master/datas/MICRODADOS_ENEM_2018.ady.csv,csv,True,25000000,2020-08-07 14:44:48.853961
MICRODADOS_ENEM_2018.adz.csv,microdados_enem_2018,https://raw.githubusercontent.com/incolumepy/datasets/master/datas/MICRODADOS_ENEM_2018.adz.csv,csv,True,25000000,2020-08-07 14:44:48.853961
MICRODADOS_ENEM_2018.aea.csv,microdados_enem_2018,https://raw.githubusercontent.com/incolumepy/datasets/master/datas/MICRODADOS_ENEM_2018.aea.csv,csv,True,25000000,2020-08-07 14:44:48.853961
MICRODADOS_ENEM_2018.aeb.csv,microdados_enem_2018,https://raw.githubusercontent.com/incolumepy/datasets/master/datas/MICRODADOS_ENEM_2018.aeb.csv,csv,True,25000000,2020-08-07 14:44:48.853961
MICRODADOS_ENEM_2018.aec.csv,microdados_enem_2018,https://raw.githubusercontent.com/incolumepy/datasets/master/datas/MICRODADOS_ENEM_2018.aec.csv,csv,True,25000000,2020-08-07 14:44:48.853961
MICRODADOS_ENEM_2018.aed.csv,microdados_enem_2018,https://raw.githubusercontent.com/incolumepy/datasets/master/datas/MICRODADOS_ENEM_2018.aed.csv,csv,True,25000000,2020-08-07 14:44:48.853961
MICRODADOS_ENEM_2018.aee.csv,microdados_enem_2018,https://raw.githubusercontent.com/incolumepy/datasets/master/datas/MICRODADOS_ENEM_2018.aee.csv,csv,True,25000000,2020-08-07 14:44:48.853961
MICRODADOS_ENEM_2018.aef.csv,microdados_enem_2018,https://raw.githubusercontent.com/incolumepy/datasets/master/datas/MICRODADOS_ENEM_2018.aef.csv,csv,True,25000000,2020-08-07 14:44:48.853961
MICRODADOS_ENEM_2018.aeg.csv,microdados_enem_2018,https://raw.githubusercontent.com/incolumepy/datasets/master/datas/MICRODADOS_ENEM_2018.aeg.csv,csv,True,25000000,2020-08-07 14:44:48.853961
MICRODADOS_ENEM_2018.aeh.csv,microdados_enem_2018,https://raw.githubusercontent.com/incolumepy/datasets/master/datas/MICRODADOS_ENEM_2018.aeh.csv,csv,True,25000000,2020-08-07 14:44:48.853961
MICRODADOS_ENEM_2018.aei.csv,microdados_enem_2018,https://raw.githubusercontent.com/incolumepy/datasets/master/datas/MICRODADOS_ENEM_2018.aei.csv,csv,True,25000000,2020-08-07 14:44:48.853961
MICRODADOS_ENEM_2018.aej.csv,microdados_enem_2018,https://raw.githubusercontent.com/incolumepy/datasets/master/datas/MICRODADOS_ENEM_2018.aej.csv,csv,True,25000000,2020-08-07 14:44:48.853961
MICRODADOS_ENEM_2018.aek.csv,microdados_enem_2018,https://raw.githubusercontent.com/incolumepy/datasets/master/datas/MICRODADOS_ENEM_2018.aek.csv,csv,True,25000000,2020-08-07 14:44:48.853961
MICRODADOS_ENEM_2018.ael.csv,microdados_enem_2018,https://raw.githubusercontent.com/incolumepy/datasets/master/datas/MICRODADOS_ENEM_2018.ael.csv,csv,True,25000000,2020-08-07 14:44:48.853961
MICRODADOS_ENEM_2018.aem.csv,microdados_enem_2018,https://raw.githubusercontent.com/incolumepy/datasets/master/datas/MICRODADOS_ENEM_2018.aem.csv,csv,True,25000000,2020-08-07 14:44:48.853961
MICRODADOS_ENEM_2018.aen.csv,microdados_enem_2018,https://raw.githubusercontent.com/incolumepy/datasets/master/datas/MICRODADOS_ENEM_2018.aen.csv,csv,True,25000000,2020-08-07 14:44:48.853961
MICRODADOS_ENEM_2018.aeo.csv,microdados_enem_2018,https://raw.githubusercontent.com/incolumepy/datasets/master/datas/MICRODADOS_ENEM_2018.aeo.csv,csv,True,25000000,2020-08-07 14:44:48.853961
MICRODADOS_ENEM_2018.aep.csv,microdados_enem_2018,https://raw.githubusercontent.com/incolumepy/datasets/master/datas/MICRODADOS_ENEM_2018.aep.csv,csv,True,25000000,2020-08-07 14:44:48.853961
MICRODADOS_ENEM_2018.aeq.csv,microdados_enem_2018,https://raw.githubusercontent.com/incolumepy/datasets/master/datas/MICRODADOS_ENEM_2018.aeq.csv,csv,True,25000000,2020-08-07 14:44:48.853961
MICRODADOS_ENEM_2018.aer.csv,microdados_enem_2018,https://raw.githubusercontent.com/incolumepy/datasets/master/datas/MICRODADOS_ENEM_2018.aer.csv,csv,True,25000000,2020-08-07 14:44:48.853961
MICRODADOS_ENEM_2018.aes.csv,microdados_enem_2018,https://raw.githubusercontent.com/incolumepy/datasets/master/datas/MICRODADOS_ENEM_2018.aes.csv,csv,True,25000000,2020-08-07 14:44:48.853961
MICRODADOS_ENEM_2018.aet.csv,microdados_enem_2018,https://raw.githubusercontent.com/incolumepy/datasets/master/datas/MICRODADOS_ENEM_2018.aet.csv,csv,True,25000000,2020-08-07 14:44:48.853961
MICRODADOS_ENEM_2018.aeu.csv,microdados_enem_2018,https://raw.githubusercontent.com/incolumepy/datasets/master/datas/MICRODADOS_ENEM_2018.aeu.csv,csv,True,25000000,2020-08-07 14:44:48.853961
MICRODADOS_ENEM_2018.aev.csv,microdados_enem_2018,https://raw.githubusercontent.com/incolumepy/datasets/master/datas/MICRODADOS_ENEM_2018.aev.csv,csv,True,25000000,2020-08-07 14:44:48.853961
MICRODADOS_ENEM_2018.aew.csv,microdados_enem_2018,https://raw.githubusercontent.com/incolumepy/datasets/master/datas/MICRODADOS_ENEM_2018.aew.csv,csv,True,25000000,2020-08-07 14:44:48.853961
MICRODADOS_ENEM_2018.aex.csv,microdados_enem_2018,https://raw.githubusercontent.com/incolumepy/datasets/master/datas/MICRODADOS_ENEM_2018.aex.csv,csv,True,25000000,2020-08-07 14:44:48.853961
MICRODADOS_ENEM_2018.aey.csv,microdados_enem_2018,https://raw.githubusercontent.com/incolumepy/datasets/master/datas/MICRODADOS_ENEM_2018.aey.csv,csv,True,25000000,2020-08-07 14:44:48.853961
MICRODADOS_ENEM_2018.aez.csv,microdados_enem_2018,https://raw.githubusercontent.com/incolumepy/datasets/master/datas/MICRODADOS_ENEM_2018.aez.csv,csv,True,25000000,2020-08-07 14:44:48.853961
MICRODADOS_ENEM_2018.afa.csv,microdados_enem_2018,https://raw.githubusercontent.com/incolumepy/datasets/master/datas/MICRODADOS_ENEM_2018.afa.csv,csv,True,25000000,2020-08-07 14:44:48.853961
MICRODADOS_ENEM_2018.afb.csv,microdados_enem_2018,https://raw.githubusercontent.com/incolumepy/datasets/master/datas/MICRODADOS_ENEM_2018.afb.csv,csv,True,25000000,2020-08-07 14:44:48.853961
MICRODADOS_ENEM_2018.afc.csv,microdados_enem_2018,https://raw.githubusercontent.com/incolumepy/datasets/master/datas/MICRODADOS_ENEM_2018.afc.csv,csv,True,25000000,2020-08-07 14:44:48.853961
MICRODADOS_ENEM_2018.afd.csv,microdados_enem_2018,https://raw.githubusercontent.com/incolumepy/datasets/master/datas/MICRODADOS_ENEM_2018.afd.csv,csv,True,25000000,2020-08-07 14:44:48.853961
MICRODADOS_ENEM_2018.afe.csv,microdados_enem_2018,https://raw.githubusercontent.com/incolumepy/datasets/master/datas/MICRODADOS_ENEM_2018.afe.csv,csv,True,25000000,2020-08-07 14:44:48.853961
MICRODADOS_ENEM_2018.aff.csv,microdados_enem_2018,https://raw.githubusercontent.com/incolumepy/datasets/master/datas/MICRODADOS_ENEM_2018.aff.csv,csv,True,25000000,2020-08-07 14:44:48.853961
MICRODADOS_ENEM_2018.afg.csv,microdados_enem_2018,https://raw.githubusercontent.com/incolumepy/datasets/master/datas/MICRODADOS_ENEM_2018.afg.csv,csv,True,25000000,2020-08-07 14:44:48.853961
MICRODADOS_ENEM_2018.afh.csv,microdados_enem_2018,https://raw.githubusercontent.com/incolumepy/datasets/master/datas/MICRODADOS_ENEM_2018.afh.csv,csv,True,8162944,2020-08-07 14:44:48.853961
survey_results_public.csv,survey_results_public,https://raw.githubusercontent.com/incolumepy/datasets/master/datas/survey_results_public.csv,csv,False,94603888,2020-08-07 14:44:48.853961
survey_results_schema.csv,survey_results_schema,https://raw.githubusercontent.com/incolumepy/datasets/master/datas/survey_results_schema.csv,csv,False,8428,2020-08-07 14:44:48.853961
titanic_train.csv,titanic_train,https://raw.githubusercontent.com/incolumepy/datasets/master/datas/titanic_train.csv,csv,False,61194,2020-08-07 14:44:48.853961
vgsales.csv,vgsales,https://raw.githubusercontent.com/incolumepy/datasets/master/datas/vgsales.csv,csv,False,1351260,2020-08-07 14:44:48.853961
